{"epoch":1,"learning_rate":3.884381178327169e-07,"train_loss":0.48923882014221615,"_wandb":{"runtime":38},"_runtime":38,"val_loss":0.4847036401430766,"_timestamp":1.7642356029012513e+09,"_step":1}