{"learning_rate":1.4954422487535907e-08,"train_loss":0.46970501429932093,"val_loss":0.8521468043327332,"_timestamp":1.764233760590039e+09,"_step":1,"epoch":1,"_wandb":{"runtime":192},"_runtime":192}