{"epoch":1,"learning_rate":3.884381178327169e-07,"train_loss":0.6101689901616838,"val_loss":0.43977129956086475,"_wandb":{"runtime":37},"_runtime":37,"_timestamp":1.764235516574672e+09,"_step":1}