{"train_loss":0.4579135212633345,"val_loss":0.5247938831647238,"_timestamp":1.764235726058166e+09,"_runtime":39,"_wandb":{"runtime":39},"_step":1,"epoch":1,"learning_rate":3.884381178327169e-07}